insert into category (id, name) values (1, 'Puce');
insert into category (id, name) values (2, 'Indigo');
insert into category (id, name) values (3, 'Yellow');
insert into category (id, name) values (4, 'Crimson');
insert into category (id, name) values (5, 'Purple');
insert into category (id, name) values (6, 'Pink');
insert into category (id, name) values (7, 'Purple');
insert into category (id, name) values (8, 'Teal');
insert into category (id, name) values (9, 'Mauv');
insert into category (id, name) values (10, 'Blue');

insert into post (id, name, content, note, idcategory) values (1, 'Shirley', 'sapien urna pretium nisl ut volutpat sapien arcu sed augue aliquam erat volutpat in congue', 3, 7);
insert into post (id, name, content, note, idcategory) values (2, 'Annie', 'morbi vestibulum velit id pretium iaculis diam erat fermentum justo nec condimentum neque sapien', 20, 6);
insert into post (id, name, content, note, idcategory) values (3, 'Keith', 'libero non mattis pulvinar nulla pede ullamcorper augue a suscipit nulla elit ac nulla sed vel enim sit', 13, 7);
insert into post (id, name, content, note, idcategory) values (4, 'Charles', 'elementum in hac habitasse platea dictumst morbi vestibulum velit id pretium iaculis diam erat fermentum justo nec condimentum neque', 19, 10);
insert into post (id, name, content, note, idcategory) values (5, 'Joe', 'duis consequat dui nec nisi volutpat eleifend donec ut dolor morbi vel lectus in quam fringilla rhoncus mauris enim leo', 16, 9);
insert into post (id, name, content, note, idcategory) values (6, 'Rebecca', 'molestie lorem quisque ut erat curabitur gravida nisi at nibh in hac habitasse platea dictumst aliquam augue quam sollicitudin vitae', 13, 7);
insert into post (id, name, content, note, idcategory) values (7, 'Tina', 'tempus sit amet sem fusce consequat nulla nisl nunc nisl duis bibendum felis sed interdum venenatis turpis enim', 12, 3);
insert into post (id, name, content, note, idcategory) values (8, 'Rachel', 'eget congue eget semper rutrum nulla nunc purus phasellus in felis donec semper sapien a libero', 11, 3);
insert into post (id, name, content, note, idcategory) values (9, 'Lisa', 'id pretium iaculis diam erat fermentum justo nec condimentum neque sapien placerat ante nulla', 15, 9);
insert into post (id, name, content, note, idcategory) values (10, 'Doris', 'luctus rutrum nulla tellus in sagittis dui vel nisl duis ac', 17, 8);
insert into post (id, name, content, note, idcategory) values (11, 'Donna', 'libero nam dui proin leo odio porttitor id consequat in', 15, 1);
insert into post (id, name, content, note, idcategory) values (12, 'Scott', 'pede morbi porttitor lorem id ligula suspendisse ornare consequat lectus in est risus auctor sed', 4, 1);
insert into post (id, name, content, note, idcategory) values (13, 'Johnny', 'odio elementum eu interdum eu tincidunt in leo maecenas pulvinar lobortis est phasellus sit amet erat nulla tempus', 1, 1);
insert into post (id, name, content, note, idcategory) values (14, 'Brandon', 'enim lorem ipsum dolor sit amet consectetuer adipiscing elit proin interdum mauris non ligula pellentesque ultrices', 4, 7);
insert into post (id, name, content, note, idcategory) values (15, 'Matthew', 'eget eros elementum pellentesque quisque porta volutpat erat quisque erat eros viverra eget', 15, 10);
insert into post (id, name, content, note, idcategory) values (16, 'Randy', 'vestibulum eget vulputate ut ultrices vel augue vestibulum ante ipsum primis in faucibus orci luctus et ultrices posuere', 5, 4);
insert into post (id, name, content, note, idcategory) values (17, 'Stephen', 'elementum eu interdum eu tincidunt in leo maecenas pulvinar lobortis est phasellus sit amet erat nulla tempus vivamus in felis', 4, 5);
insert into post (id, name, content, note, idcategory) values (18, 'Kenneth', 'mattis egestas metus aenean fermentum donec ut mauris eget massa tempor convallis nulla neque libero', 17, 8);
insert into post (id, name, content, note, idcategory) values (19, 'Howard', 'nec sem duis aliquam convallis nunc proin at turpis a pede posuere', 0, 5);
insert into post (id, name, content, note, idcategory) values (20, 'Diana', 'nisl venenatis lacinia aenean sit amet justo morbi ut odio cras mi', 0, 2);
insert into post (id, name, content, note, idcategory) values (21, 'Gloria', 'et ultrices posuere cubilia curae mauris viverra diam vitae quam', 12, 8);
insert into post (id, name, content, note, idcategory) values (22, 'Lois', 'lacinia nisi venenatis tristique fusce congue diam id ornare imperdiet sapien urna pretium nisl ut volutpat sapien arcu', 9, 3);
insert into post (id, name, content, note, idcategory) values (23, 'Rachel', 'hendrerit at vulputate vitae nisl aenean lectus pellentesque eget nunc donec quis orci eget orci vehicula', 13, 7);
insert into post (id, name, content, note, idcategory) values (24, 'Howard', 'orci luctus et ultrices posuere cubilia curae mauris viverra diam vitae', 10, 2);
insert into post (id, name, content, note, idcategory) values (25, 'Kevin', 'parturient montes nascetur ridiculus mus etiam vel augue vestibulum rutrum rutrum neque aenean', 3, 10);
insert into post (id, name, content, note, idcategory) values (26, 'Paul', 'potenti nullam porttitor lacus at turpis donec posuere metus vitae ipsum aliquam non mauris morbi', 17, 9);
insert into post (id, name, content, note, idcategory) values (27, 'Donald', 'ut ultrices vel augue vestibulum ante ipsum primis in faucibus orci luctus et ultrices posuere cubilia', 17, 4);
insert into post (id, name, content, note, idcategory) values (28, 'Ronald', 'ut at dolor quis odio consequat varius integer ac leo pellentesque ultrices mattis odio donec vitae nisi nam ultrices', 0, 7);
insert into post (id, name, content, note, idcategory) values (29, 'Lori', 'lacinia nisi venenatis tristique fusce congue diam id ornare imperdiet sapien urna pretium nisl ut volutpat sapien arcu sed augue', 15, 5);
insert into post (id, name, content, note, idcategory) values (30, 'Cynthia', 'orci luctus et ultrices posuere cubilia curae donec pharetra magna vestibulum aliquet ultrices erat', 13, 10);
insert into post (id, name, content, note, idcategory) values (31, 'Elizabeth', 'duis ac nibh fusce lacus purus aliquet at feugiat non pretium quis lectus suspendisse potenti in eleifend quam a', 2, 5);
insert into post (id, name, content, note, idcategory) values (32, 'Melissa', 'orci luctus et ultrices posuere cubilia curae nulla dapibus dolor vel est donec odio justo sollicitudin', 6, 6);
insert into post (id, name, content, note, idcategory) values (33, 'Jerry', 'commodo vulputate justo in blandit ultrices enim lorem ipsum dolor sit amet consectetuer adipiscing elit proin interdum mauris non ligula', 17, 9);
insert into post (id, name, content, note, idcategory) values (34, 'Thomas', 'vestibulum eget vulputate ut ultrices vel augue vestibulum ante ipsum primis in faucibus orci luctus et', 6, 8);
insert into post (id, name, content, note, idcategory) values (35, 'Marie', 'eget rutrum at lorem integer tincidunt ante vel ipsum praesent blandit', 0, 7);
insert into post (id, name, content, note, idcategory) values (36, 'Lori', 'at vulputate vitae nisl aenean lectus pellentesque eget nunc donec quis orci eget orci vehicula', 5, 5);
insert into post (id, name, content, note, idcategory) values (37, 'Kimberly', 'amet consectetuer adipiscing elit proin interdum mauris non ligula pellentesque ultrices phasellus id sapien in sapien iaculis', 14, 3);
insert into post (id, name, content, note, idcategory) values (38, 'Howard', 'ante vel ipsum praesent blandit lacinia erat vestibulum sed magna at nunc commodo placerat', 19, 10);
insert into post (id, name, content, note, idcategory) values (39, 'Anne', 'eros suspendisse accumsan tortor quis turpis sed ante vivamus tortor duis', 13, 5);
insert into post (id, name, content, note, idcategory) values (40, 'Lois', 'nulla elit ac nulla sed vel enim sit amet nunc viverra dapibus nulla suscipit ligula in lacus curabitur at', 11, 7);
insert into post (id, name, content, note, idcategory) values (41, 'Carlos', 'ipsum primis in faucibus orci luctus et ultrices posuere cubilia curae mauris viverra', 19, 8);
insert into post (id, name, content, note, idcategory) values (42, 'Phillip', 'at nibh in hac habitasse platea dictumst aliquam augue quam sollicitudin vitae consectetuer eget rutrum at lorem integer tincidunt ante', 19, 1);
insert into post (id, name, content, note, idcategory) values (43, 'Earl', 'cubilia curae donec pharetra magna vestibulum aliquet ultrices erat tortor sollicitudin mi sit amet lobortis sapien sapien', 8, 1);
insert into post (id, name, content, note, idcategory) values (44, 'Ralph', 'non lectus aliquam sit amet diam in magna bibendum imperdiet nullam orci pede venenatis non sodales sed tincidunt eu', 19, 6);
insert into post (id, name, content, note, idcategory) values (45, 'Martin', 'ut at dolor quis odio consequat varius integer ac leo pellentesque ultrices mattis', 10, 7);
insert into post (id, name, content, note, idcategory) values (46, 'Ruby', 'rhoncus mauris enim leo rhoncus sed vestibulum sit amet cursus id turpis integer aliquet', 12, 1);
insert into post (id, name, content, note, idcategory) values (47, 'Susan', 'eget tempus vel pede morbi porttitor lorem id ligula suspendisse ornare consequat lectus', 1, 7);
insert into post (id, name, content, note, idcategory) values (48, 'Amanda', 'sollicitudin mi sit amet lobortis sapien sapien non mi integer', 1, 6);
insert into post (id, name, content, note, idcategory) values (49, 'Justin', 'donec quis orci eget orci vehicula condimentum curabitur in libero ut massa volutpat convallis morbi odio odio elementum eu', 0, 9);
insert into post (id, name, content, note, idcategory) values (50, 'Gloria', 'vulputate ut ultrices vel augue vestibulum ante ipsum primis in faucibus orci luctus et ultrices', 2, 5);
insert into post (id, name, content, note, idcategory) values (51, 'Victor', 'aliquam quis turpis eget elit sodales scelerisque mauris sit amet eros suspendisse accumsan tortor quis turpis sed', 14, 5);
insert into post (id, name, content, note, idcategory) values (52, 'Christopher', 'volutpat dui maecenas tristique est et tempus semper est quam pharetra magna ac consequat metus sapien ut nunc vestibulum', 9, 6);
insert into post (id, name, content, note, idcategory) values (53, 'Annie', 'ornare consequat lectus in est risus auctor sed tristique in tempus sit amet sem fusce consequat', 12, 1);
insert into post (id, name, content, note, idcategory) values (54, 'Judy', 'posuere felis sed lacus morbi sem mauris laoreet ut rhoncus aliquet pulvinar', 5, 9);
insert into post (id, name, content, note, idcategory) values (55, 'Betty', 'sed interdum venenatis turpis enim blandit mi in porttitor pede justo eu massa donec dapibus', 12, 4);
insert into post (id, name, content, note, idcategory) values (56, 'Donna', 'massa id nisl venenatis lacinia aenean sit amet justo morbi ut odio cras', 9, 1);
insert into post (id, name, content, note, idcategory) values (57, 'Steven', 'urna pretium nisl ut volutpat sapien arcu sed augue aliquam erat volutpat in congue etiam justo etiam', 19, 1);
insert into post (id, name, content, note, idcategory) values (58, 'Shirley', 'blandit ultrices enim lorem ipsum dolor sit amet consectetuer adipiscing elit', 1, 2);
insert into post (id, name, content, note, idcategory) values (59, 'Julie', 'aliquet maecenas leo odio condimentum id luctus nec molestie sed justo pellentesque viverra pede ac diam cras pellentesque volutpat', 6, 6);
insert into post (id, name, content, note, idcategory) values (60, 'Lisa', 'amet eleifend pede libero quis orci nullam molestie nibh in lectus pellentesque at nulla suspendisse potenti cras in', 17, 10);
insert into post (id, name, content, note, idcategory) values (61, 'Juan', 'eget vulputate ut ultrices vel augue vestibulum ante ipsum primis in', 18, 9);
insert into post (id, name, content, note, idcategory) values (62, 'Howard', 'vel enim sit amet nunc viverra dapibus nulla suscipit ligula in lacus curabitur at ipsum ac', 4, 7);
insert into post (id, name, content, note, idcategory) values (63, 'Debra', 'vitae nisi nam ultrices libero non mattis pulvinar nulla pede ullamcorper augue a suscipit nulla', 6, 7);
insert into post (id, name, content, note, idcategory) values (64, 'Kathryn', 'lobortis ligula sit amet eleifend pede libero quis orci nullam molestie nibh in lectus pellentesque at nulla suspendisse', 2, 1);
insert into post (id, name, content, note, idcategory) values (65, 'Ruby', 'sed interdum venenatis turpis enim blandit mi in porttitor pede justo eu massa donec dapibus', 7, 7);
insert into post (id, name, content, note, idcategory) values (66, 'Kathleen', 'convallis nunc proin at turpis a pede posuere nonummy integer non velit donec diam neque', 17, 5);
insert into post (id, name, content, note, idcategory) values (67, 'Ruth', 'libero quis orci nullam molestie nibh in lectus pellentesque at nulla suspendisse potenti cras in purus eu magna', 17, 8);
insert into post (id, name, content, note, idcategory) values (68, 'Melissa', 'in faucibus orci luctus et ultrices posuere cubilia curae nulla dapibus dolor vel est donec odio justo', 13, 10);
insert into post (id, name, content, note, idcategory) values (69, 'Thomas', 'vestibulum ante ipsum primis in faucibus orci luctus et ultrices posuere cubilia', 12, 5);
insert into post (id, name, content, note, idcategory) values (70, 'Norma', 'quis orci nullam molestie nibh in lectus pellentesque at nulla suspendisse potenti cras in purus', 2, 8);
insert into post (id, name, content, note, idcategory) values (71, 'Patricia', 'ac enim in tempor turpis nec euismod scelerisque quam turpis adipiscing lorem vitae mattis', 5, 6);
insert into post (id, name, content, note, idcategory) values (72, 'Shirley', 'curae donec pharetra magna vestibulum aliquet ultrices erat tortor sollicitudin mi sit amet lobortis sapien sapien non mi integer', 9, 10);
insert into post (id, name, content, note, idcategory) values (73, 'Cynthia', 'odio condimentum id luctus nec molestie sed justo pellentesque viverra pede ac diam cras pellentesque volutpat dui maecenas tristique est', 13, 10);
insert into post (id, name, content, note, idcategory) values (74, 'Diane', 'turpis a pede posuere nonummy integer non velit donec diam neque', 20, 7);
insert into post (id, name, content, note, idcategory) values (75, 'Rose', 'vulputate ut ultrices vel augue vestibulum ante ipsum primis in faucibus orci', 18, 10);
insert into post (id, name, content, note, idcategory) values (76, 'Louis', 'tortor quis turpis sed ante vivamus tortor duis mattis egestas metus aenean fermentum donec ut mauris', 11, 7);
insert into post (id, name, content, note, idcategory) values (77, 'Wayne', 'at turpis donec posuere metus vitae ipsum aliquam non mauris morbi non lectus aliquam sit amet diam in magna', 13, 1);
insert into post (id, name, content, note, idcategory) values (78, 'Bobby', 'faucibus orci luctus et ultrices posuere cubilia curae duis faucibus accumsan odio curabitur convallis duis consequat dui nec nisi', 14, 9);
insert into post (id, name, content, note, idcategory) values (79, 'Terry', 'quam pharetra magna ac consequat metus sapien ut nunc vestibulum ante ipsum primis in faucibus orci luctus et ultrices', 20, 6);
insert into post (id, name, content, note, idcategory) values (80, 'Teresa', 'lorem ipsum dolor sit amet consectetuer adipiscing elit proin risus praesent lectus vestibulum quam sapien varius ut', 3, 7);
insert into post (id, name, content, note, idcategory) values (81, 'Shawn', 'lectus pellentesque at nulla suspendisse potenti cras in purus eu magna vulputate luctus cum sociis natoque', 3, 7);
insert into post (id, name, content, note, idcategory) values (82, 'Kelly', 'mi nulla ac enim in tempor turpis nec euismod scelerisque quam turpis adipiscing lorem vitae mattis nibh', 18, 6);
insert into post (id, name, content, note, idcategory) values (83, 'Pamela', 'mollis molestie lorem quisque ut erat curabitur gravida nisi at nibh in hac habitasse platea dictumst aliquam augue', 15, 6);
insert into post (id, name, content, note, idcategory) values (84, 'Joyce', 'nibh fusce lacus purus aliquet at feugiat non pretium quis lectus suspendisse potenti in eleifend quam a odio', 13, 9);
insert into post (id, name, content, note, idcategory) values (85, 'Christine', 'mattis pulvinar nulla pede ullamcorper augue a suscipit nulla elit ac nulla sed vel enim sit amet', 2, 6);
insert into post (id, name, content, note, idcategory) values (86, 'Denise', 'massa volutpat convallis morbi odio odio elementum eu interdum eu tincidunt in leo maecenas pulvinar lobortis', 7, 3);
insert into post (id, name, content, note, idcategory) values (87, 'Lawrence', 'vitae consectetuer eget rutrum at lorem integer tincidunt ante vel ipsum', 17, 1);
insert into post (id, name, content, note, idcategory) values (88, 'Antonio', 'ante ipsum primis in faucibus orci luctus et ultrices posuere cubilia curae donec pharetra magna vestibulum aliquet ultrices erat tortor', 3, 10);
insert into post (id, name, content, note, idcategory) values (89, 'Craig', 'euismod scelerisque quam turpis adipiscing lorem vitae mattis nibh ligula', 14, 6);
insert into post (id, name, content, note, idcategory) values (90, 'Roger', 'etiam justo etiam pretium iaculis justo in hac habitasse platea dictumst', 8, 3);
insert into post (id, name, content, note, idcategory) values (91, 'Fred', 'eu mi nulla ac enim in tempor turpis nec euismod', 4, 8);
insert into post (id, name, content, note, idcategory) values (92, 'Steve', 'nisi nam ultrices libero non mattis pulvinar nulla pede ullamcorper augue a suscipit nulla elit ac nulla sed vel', 18, 2);
insert into post (id, name, content, note, idcategory) values (93, 'Louis', 'duis at velit eu est congue elementum in hac habitasse platea dictumst', 14, 2);
insert into post (id, name, content, note, idcategory) values (94, 'Gary', 'consequat nulla nisl nunc nisl duis bibendum felis sed interdum venenatis', 12, 3);
insert into post (id, name, content, note, idcategory) values (95, 'Ashley', 'quis tortor id nulla ultrices aliquet maecenas leo odio condimentum id luctus nec molestie', 20, 8);
insert into post (id, name, content, note, idcategory) values (96, 'Clarence', 'ultrices vel augue vestibulum ante ipsum primis in faucibus orci', 2, 7);
insert into post (id, name, content, note, idcategory) values (97, 'Margaret', 'ultrices posuere cubilia curae duis faucibus accumsan odio curabitur convallis duis consequat dui nec nisi', 7, 4);
insert into post (id, name, content, note, idcategory) values (98, 'Diane', 'penatibus et magnis dis parturient montes nascetur ridiculus mus etiam vel augue vestibulum rutrum rutrum', 19, 4);
insert into post (id, name, content, note, idcategory) values (99, 'Tammy', 'dapibus duis at velit eu est congue elementum in hac habitasse platea', 12, 7);
insert into post (id, name, content, note, idcategory) values (100, 'Nancy', 'integer tincidunt ante vel ipsum praesent blandit lacinia erat vestibulum sed magna', 18, 8);
insert into post (id, name, content, note, idcategory) values (101, 'Anthony', 'arcu adipiscing molestie hendrerit at vulputate vitae nisl aenean lectus pellentesque', 10, 2);
insert into post (id, name, content, note, idcategory) values (102, 'Heather', 'libero convallis eget eleifend luctus ultricies eu nibh quisque id justo sit amet sapien dignissim vestibulum vestibulum ante', 9, 6);
insert into post (id, name, content, note, idcategory) values (103, 'Eugene', 'at velit vivamus vel nulla eget eros elementum pellentesque quisque porta volutpat erat quisque erat eros viverra eget congue eget', 12, 1);
insert into post (id, name, content, note, idcategory) values (104, 'Jesse', 'lectus vestibulum quam sapien varius ut blandit non interdum in', 20, 9);
insert into post (id, name, content, note, idcategory) values (105, 'Ryan', 'justo morbi ut odio cras mi pede malesuada in imperdiet', 6, 6);
insert into post (id, name, content, note, idcategory) values (106, 'Kathryn', 'quis turpis sed ante vivamus tortor duis mattis egestas metus', 16, 1);
insert into post (id, name, content, note, idcategory) values (107, 'Roy', 'sollicitudin ut suscipit a feugiat et eros vestibulum ac est', 16, 6);
insert into post (id, name, content, note, idcategory) values (108, 'Wanda', 'varius nulla facilisi cras non velit nec nisi vulputate nonummy maecenas tincidunt lacus at velit vivamus vel nulla eget eros', 13, 10);
insert into post (id, name, content, note, idcategory) values (109, 'Billy', 'justo sit amet sapien dignissim vestibulum vestibulum ante ipsum primis in faucibus orci luctus et', 13, 8);
insert into post (id, name, content, note, idcategory) values (110, 'Ronald', 'congue elementum in hac habitasse platea dictumst morbi vestibulum velit id pretium iaculis diam erat fermentum justo nec condimentum', 15, 7);
insert into post (id, name, content, note, idcategory) values (111, 'Jason', 'hac habitasse platea dictumst maecenas ut massa quis augue luctus tincidunt nulla mollis molestie', 8, 9);
insert into post (id, name, content, note, idcategory) values (112, 'Sharon', 'tellus in sagittis dui vel nisl duis ac nibh fusce lacus purus aliquet at feugiat non pretium quis lectus suspendisse', 1, 6);
insert into post (id, name, content, note, idcategory) values (113, 'Willie', 'eu nibh quisque id justo sit amet sapien dignissim vestibulum vestibulum ante', 14, 4);
insert into post (id, name, content, note, idcategory) values (114, 'Barbara', 'eget elit sodales scelerisque mauris sit amet eros suspendisse accumsan tortor quis turpis sed ante vivamus tortor duis mattis', 1, 6);
insert into post (id, name, content, note, idcategory) values (115, 'Gloria', 'donec vitae nisi nam ultrices libero non mattis pulvinar nulla pede', 7, 7);
insert into post (id, name, content, note, idcategory) values (116, 'Anne', 'ut ultrices vel augue vestibulum ante ipsum primis in faucibus orci luctus et ultrices posuere cubilia curae donec pharetra magna', 14, 4);
insert into post (id, name, content, note, idcategory) values (117, 'Barbara', 'felis sed lacus morbi sem mauris laoreet ut rhoncus aliquet pulvinar sed nisl nunc rhoncus dui vel', 16, 8);
insert into post (id, name, content, note, idcategory) values (118, 'Judy', 'aliquet ultrices erat tortor sollicitudin mi sit amet lobortis sapien sapien non mi integer ac neque duis bibendum morbi non', 15, 1);
insert into post (id, name, content, note, idcategory) values (119, 'Heather', 'fringilla rhoncus mauris enim leo rhoncus sed vestibulum sit amet cursus id', 19, 6);
insert into post (id, name, content, note, idcategory) values (120, 'Timothy', 'felis sed lacus morbi sem mauris laoreet ut rhoncus aliquet pulvinar sed', 7, 5);
insert into post (id, name, content, note, idcategory) values (121, 'Diana', 'tortor sollicitudin mi sit amet lobortis sapien sapien non mi integer ac neque duis bibendum morbi non quam', 4, 3);
insert into post (id, name, content, note, idcategory) values (122, 'Judith', 'sed vel enim sit amet nunc viverra dapibus nulla suscipit ligula in lacus curabitur at', 8, 10);
insert into post (id, name, content, note, idcategory) values (123, 'Judith', 'volutpat sapien arcu sed augue aliquam erat volutpat in congue etiam justo etiam pretium iaculis justo', 15, 5);
insert into post (id, name, content, note, idcategory) values (124, 'Lois', 'vivamus tortor duis mattis egestas metus aenean fermentum donec ut mauris eget massa tempor convallis nulla neque libero convallis', 16, 8);
insert into post (id, name, content, note, idcategory) values (125, 'Stephen', 'accumsan tellus nisi eu orci mauris lacinia sapien quis libero nullam sit', 15, 4);
insert into post (id, name, content, note, idcategory) values (126, 'Steve', 'mauris vulputate elementum nullam varius nulla facilisi cras non velit nec nisi vulputate nonummy maecenas tincidunt lacus', 9, 9);
insert into post (id, name, content, note, idcategory) values (127, 'Jane', 'luctus tincidunt nulla mollis molestie lorem quisque ut erat curabitur gravida nisi', 0, 1);
insert into post (id, name, content, note, idcategory) values (128, 'Annie', 'semper est quam pharetra magna ac consequat metus sapien ut nunc', 3, 2);
insert into post (id, name, content, note, idcategory) values (129, 'Alice', 'tristique est et tempus semper est quam pharetra magna ac consequat metus sapien ut nunc vestibulum ante ipsum', 9, 4);
insert into post (id, name, content, note, idcategory) values (130, 'Lillian', 'ac nulla sed vel enim sit amet nunc viverra dapibus nulla suscipit ligula in lacus curabitur at ipsum ac tellus', 8, 4);
insert into post (id, name, content, note, idcategory) values (131, 'Denise', 'vestibulum eget vulputate ut ultrices vel augue vestibulum ante ipsum', 18, 2);
insert into post (id, name, content, note, idcategory) values (132, 'Beverly', 'pellentesque eget nunc donec quis orci eget orci vehicula condimentum curabitur in libero ut massa volutpat convallis morbi odio odio', 1, 8);
insert into post (id, name, content, note, idcategory) values (133, 'Ann', 'egestas metus aenean fermentum donec ut mauris eget massa tempor convallis nulla neque libero convallis eget eleifend luctus ultricies', 13, 7);
insert into post (id, name, content, note, idcategory) values (134, 'Doris', 'potenti in eleifend quam a odio in hac habitasse platea dictumst maecenas', 11, 1);
insert into post (id, name, content, note, idcategory) values (135, 'Ann', 'ultrices libero non mattis pulvinar nulla pede ullamcorper augue a suscipit nulla elit ac nulla sed vel enim', 7, 9);
insert into post (id, name, content, note, idcategory) values (136, 'Lori', 'in hac habitasse platea dictumst maecenas ut massa quis augue luctus tincidunt nulla mollis', 14, 3);
insert into post (id, name, content, note, idcategory) values (137, 'Julia', 'urna pretium nisl ut volutpat sapien arcu sed augue aliquam erat volutpat in congue etiam justo etiam pretium', 17, 6);
insert into post (id, name, content, note, idcategory) values (138, 'Evelyn', 'pede malesuada in imperdiet et commodo vulputate justo in blandit ultrices enim lorem ipsum', 12, 7);
insert into post (id, name, content, note, idcategory) values (139, 'David', 'ornare consequat lectus in est risus auctor sed tristique in tempus sit amet sem fusce consequat', 9, 7);
insert into post (id, name, content, note, idcategory) values (140, 'Arthur', 'lacinia nisi venenatis tristique fusce congue diam id ornare imperdiet sapien urna pretium nisl ut volutpat sapien arcu sed', 7, 10);
insert into post (id, name, content, note, idcategory) values (141, 'Jane', 'integer ac neque duis bibendum morbi non quam nec dui luctus rutrum nulla tellus', 9, 7);
insert into post (id, name, content, note, idcategory) values (142, 'Shawn', 'et ultrices posuere cubilia curae nulla dapibus dolor vel est donec odio justo sollicitudin ut suscipit a feugiat', 17, 5);
insert into post (id, name, content, note, idcategory) values (143, 'Nicholas', 'tortor risus dapibus augue vel accumsan tellus nisi eu orci mauris lacinia sapien', 9, 2);
insert into post (id, name, content, note, idcategory) values (144, 'Jose', 'nulla tempus vivamus in felis eu sapien cursus vestibulum proin eu mi nulla ac', 8, 6);
insert into post (id, name, content, note, idcategory) values (145, 'Anthony', 'erat quisque erat eros viverra eget congue eget semper rutrum nulla', 8, 4);
insert into post (id, name, content, note, idcategory) values (146, 'Theresa', 'amet nunc viverra dapibus nulla suscipit ligula in lacus curabitur at ipsum ac tellus semper interdum mauris ullamcorper', 7, 9);
insert into post (id, name, content, note, idcategory) values (147, 'Kenneth', 'primis in faucibus orci luctus et ultrices posuere cubilia curae donec', 14, 6);
insert into post (id, name, content, note, idcategory) values (148, 'Maria', 'amet nulla quisque arcu libero rutrum ac lobortis vel dapibus at diam nam', 9, 6);
insert into post (id, name, content, note, idcategory) values (149, 'Sharon', 'pretium iaculis diam erat fermentum justo nec condimentum neque sapien placerat ante nulla justo aliquam quis turpis', 16, 8);
insert into post (id, name, content, note, idcategory) values (150, 'Jean', 'eu tincidunt in leo maecenas pulvinar lobortis est phasellus sit amet erat', 18, 7);
insert into post (id, name, content, note, idcategory) values (151, 'Bobby', 'consequat morbi a ipsum integer a nibh in quis justo', 17, 7);
insert into post (id, name, content, note, idcategory) values (152, 'Jeremy', 'nullam varius nulla facilisi cras non velit nec nisi vulputate nonummy maecenas tincidunt lacus at velit vivamus', 6, 4);
insert into post (id, name, content, note, idcategory) values (153, 'Annie', 'orci luctus et ultrices posuere cubilia curae nulla dapibus dolor', 9, 8);
insert into post (id, name, content, note, idcategory) values (154, 'Rose', 'dolor morbi vel lectus in quam fringilla rhoncus mauris enim leo rhoncus sed vestibulum', 0, 10);
insert into post (id, name, content, note, idcategory) values (155, 'Catherine', 'ridiculus mus etiam vel augue vestibulum rutrum rutrum neque aenean auctor gravida sem praesent id massa id', 17, 7);
insert into post (id, name, content, note, idcategory) values (156, 'Kenneth', 'eget nunc donec quis orci eget orci vehicula condimentum curabitur in libero ut massa volutpat convallis morbi odio odio', 6, 3);
insert into post (id, name, content, note, idcategory) values (157, 'Diane', 'et commodo vulputate justo in blandit ultrices enim lorem ipsum dolor sit amet', 20, 3);
insert into post (id, name, content, note, idcategory) values (158, 'Philip', 'congue eget semper rutrum nulla nunc purus phasellus in felis donec semper sapien a libero nam dui', 8, 10);
insert into post (id, name, content, note, idcategory) values (159, 'Ronald', 'metus vitae ipsum aliquam non mauris morbi non lectus aliquam sit amet diam in magna bibendum', 20, 8);
insert into post (id, name, content, note, idcategory) values (160, 'Walter', 'platea dictumst aliquam augue quam sollicitudin vitae consectetuer eget rutrum at lorem integer', 20, 5);
insert into post (id, name, content, note, idcategory) values (161, 'Peter', 'eros viverra eget congue eget semper rutrum nulla nunc purus phasellus in felis donec semper sapien a libero nam', 3, 10);
insert into post (id, name, content, note, idcategory) values (162, 'Marie', 'aliquet ultrices erat tortor sollicitudin mi sit amet lobortis sapien sapien non mi', 13, 6);
insert into post (id, name, content, note, idcategory) values (163, 'Adam', 'integer pede justo lacinia eget tincidunt eget tempus vel pede morbi porttitor lorem id ligula suspendisse ornare consequat lectus', 3, 4);
insert into post (id, name, content, note, idcategory) values (164, 'Mary', 'ut suscipit a feugiat et eros vestibulum ac est lacinia nisi venenatis tristique fusce congue diam id', 18, 10);
insert into post (id, name, content, note, idcategory) values (165, 'Scott', 'nulla pede ullamcorper augue a suscipit nulla elit ac nulla sed', 9, 10);
insert into post (id, name, content, note, idcategory) values (166, 'Marilyn', 'ultrices aliquet maecenas leo odio condimentum id luctus nec molestie sed justo pellentesque viverra pede ac diam cras', 12, 9);
insert into post (id, name, content, note, idcategory) values (167, 'Lillian', 'pede ullamcorper augue a suscipit nulla elit ac nulla sed vel enim sit amet nunc viverra dapibus nulla suscipit', 13, 7);
insert into post (id, name, content, note, idcategory) values (168, 'Roger', 'consectetuer adipiscing elit proin risus praesent lectus vestibulum quam sapien varius ut blandit non', 2, 5);
insert into post (id, name, content, note, idcategory) values (169, 'Justin', 'quam pede lobortis ligula sit amet eleifend pede libero quis orci nullam molestie nibh in lectus', 14, 2);
insert into post (id, name, content, note, idcategory) values (170, 'Jessica', 'vestibulum velit id pretium iaculis diam erat fermentum justo nec condimentum neque sapien placerat ante nulla justo', 8, 6);
insert into post (id, name, content, note, idcategory) values (171, 'Jean', 'dui luctus rutrum nulla tellus in sagittis dui vel nisl duis ac', 9, 8);
insert into post (id, name, content, note, idcategory) values (172, 'Angela', 'orci luctus et ultrices posuere cubilia curae mauris viverra diam vitae quam', 20, 9);
insert into post (id, name, content, note, idcategory) values (173, 'Bruce', 'neque vestibulum eget vulputate ut ultrices vel augue vestibulum ante ipsum primis in faucibus orci luctus et ultrices', 12, 2);
insert into post (id, name, content, note, idcategory) values (174, 'Virginia', 'nisl venenatis lacinia aenean sit amet justo morbi ut odio cras mi pede', 15, 6);
insert into post (id, name, content, note, idcategory) values (175, 'Brian', 'cras mi pede malesuada in imperdiet et commodo vulputate justo in blandit ultrices enim lorem ipsum dolor sit amet', 14, 8);
insert into post (id, name, content, note, idcategory) values (176, 'Charles', 'turpis donec posuere metus vitae ipsum aliquam non mauris morbi non lectus aliquam sit', 4, 9);
insert into post (id, name, content, note, idcategory) values (177, 'Deborah', 'vulputate ut ultrices vel augue vestibulum ante ipsum primis in', 7, 10);
insert into post (id, name, content, note, idcategory) values (178, 'Jose', 'donec odio justo sollicitudin ut suscipit a feugiat et eros vestibulum ac est lacinia nisi venenatis tristique fusce congue diam', 19, 1);
insert into post (id, name, content, note, idcategory) values (179, 'Susan', 'sapien placerat ante nulla justo aliquam quis turpis eget elit sodales', 4, 2);
insert into post (id, name, content, note, idcategory) values (180, 'Brenda', 'lorem integer tincidunt ante vel ipsum praesent blandit lacinia erat vestibulum sed magna at', 12, 7);
insert into post (id, name, content, note, idcategory) values (181, 'Cynthia', 'nisl aenean lectus pellentesque eget nunc donec quis orci eget orci vehicula condimentum curabitur in', 7, 8);
insert into post (id, name, content, note, idcategory) values (182, 'Margaret', 'luctus et ultrices posuere cubilia curae mauris viverra diam vitae quam suspendisse', 9, 2);
insert into post (id, name, content, note, idcategory) values (183, 'Angela', 'bibendum imperdiet nullam orci pede venenatis non sodales sed tincidunt eu', 7, 4);
insert into post (id, name, content, note, idcategory) values (184, 'Alice', 'neque vestibulum eget vulputate ut ultrices vel augue vestibulum ante', 18, 1);
insert into post (id, name, content, note, idcategory) values (185, 'Ann', 'cum sociis natoque penatibus et magnis dis parturient montes nascetur ridiculus mus', 10, 2);
insert into post (id, name, content, note, idcategory) values (186, 'Ashley', 'nullam molestie nibh in lectus pellentesque at nulla suspendisse potenti cras in purus eu', 13, 5);
insert into post (id, name, content, note, idcategory) values (187, 'Wanda', 'sed tristique in tempus sit amet sem fusce consequat nulla nisl nunc nisl duis bibendum felis sed', 16, 7);
insert into post (id, name, content, note, idcategory) values (188, 'Eugene', 'vestibulum vestibulum ante ipsum primis in faucibus orci luctus et', 20, 7);
insert into post (id, name, content, note, idcategory) values (189, 'Chris', 'tempus sit amet sem fusce consequat nulla nisl nunc nisl duis', 9, 6);
insert into post (id, name, content, note, idcategory) values (190, 'Steve', 'lacinia nisi venenatis tristique fusce congue diam id ornare imperdiet sapien urna pretium', 6, 7);
insert into post (id, name, content, note, idcategory) values (191, 'Richard', 'mauris lacinia sapien quis libero nullam sit amet turpis elementum ligula vehicula consequat morbi a', 3, 1);
insert into post (id, name, content, note, idcategory) values (192, 'Thomas', 'penatibus et magnis dis parturient montes nascetur ridiculus mus etiam vel augue vestibulum rutrum rutrum neque aenean auctor gravida sem', 15, 10);
insert into post (id, name, content, note, idcategory) values (193, 'Linda', 'amet justo morbi ut odio cras mi pede malesuada in imperdiet et commodo vulputate justo', 12, 10);
insert into post (id, name, content, note, idcategory) values (194, 'Margaret', 'maecenas tristique est et tempus semper est quam pharetra magna ac consequat metus sapien ut nunc vestibulum ante ipsum', 1, 2);
insert into post (id, name, content, note, idcategory) values (195, 'Joshua', 'sapien a libero nam dui proin leo odio porttitor id consequat in consequat ut nulla', 19, 6);
insert into post (id, name, content, note, idcategory) values (196, 'Matthew', 'interdum venenatis turpis enim blandit mi in porttitor pede justo eu', 7, 9);
insert into post (id, name, content, note, idcategory) values (197, 'Louis', 'orci luctus et ultrices posuere cubilia curae donec pharetra magna', 7, 8);
insert into post (id, name, content, note, idcategory) values (198, 'Denise', 'dui vel sem sed sagittis nam congue risus semper porta volutpat quam', 13, 4);
insert into post (id, name, content, note, idcategory) values (199, 'Carol', 'non quam nec dui luctus rutrum nulla tellus in sagittis dui vel nisl duis ac nibh fusce lacus', 16, 7);
insert into post (id, name, content, note, idcategory) values (200, 'Louise', 'mus etiam vel augue vestibulum rutrum rutrum neque aenean auctor gravida', 0, 1);
insert into post (id, name, content, note, idcategory) values (201, 'Nancy', 'enim blandit mi in porttitor pede justo eu massa donec dapibus duis at velit', 16, 6);
insert into post (id, name, content, note, idcategory) values (202, 'Peter', 'lobortis sapien sapien non mi integer ac neque duis bibendum', 2, 3);
insert into post (id, name, content, note, idcategory) values (203, 'Julia', 'semper sapien a libero nam dui proin leo odio porttitor id consequat in consequat', 5, 1);
insert into post (id, name, content, note, idcategory) values (204, 'Gerald', 'diam in magna bibendum imperdiet nullam orci pede venenatis non sodales', 19, 1);
insert into post (id, name, content, note, idcategory) values (205, 'Jennifer', 'sit amet sapien dignissim vestibulum vestibulum ante ipsum primis in faucibus orci luctus et ultrices posuere cubilia curae nulla', 8, 7);
insert into post (id, name, content, note, idcategory) values (206, 'Arthur', 'magna at nunc commodo placerat praesent blandit nam nulla integer pede justo lacinia eget tincidunt eget tempus vel', 19, 4);
insert into post (id, name, content, note, idcategory) values (207, 'Clarence', 'nisi venenatis tristique fusce congue diam id ornare imperdiet sapien urna pretium', 15, 8);
insert into post (id, name, content, note, idcategory) values (208, 'Kevin', 'enim leo rhoncus sed vestibulum sit amet cursus id turpis integer aliquet massa id lobortis convallis tortor', 4, 7);
insert into post (id, name, content, note, idcategory) values (209, 'Sharon', 'ullamcorper purus sit amet nulla quisque arcu libero rutrum ac lobortis vel dapibus at', 0, 1);
insert into post (id, name, content, note, idcategory) values (210, 'Christine', 'iaculis justo in hac habitasse platea dictumst etiam faucibus cursus urna ut tellus nulla ut erat id mauris vulputate elementum', 11, 9);
insert into post (id, name, content, note, idcategory) values (211, 'Joyce', 'blandit non interdum in ante vestibulum ante ipsum primis in faucibus orci', 11, 6);
insert into post (id, name, content, note, idcategory) values (212, 'Kevin', 'metus sapien ut nunc vestibulum ante ipsum primis in faucibus orci luctus et ultrices', 1, 3);
insert into post (id, name, content, note, idcategory) values (213, 'Philip', 'mus etiam vel augue vestibulum rutrum rutrum neque aenean auctor gravida sem praesent id massa id', 3, 4);
insert into post (id, name, content, note, idcategory) values (214, 'Joyce', 'gravida nisi at nibh in hac habitasse platea dictumst aliquam augue quam sollicitudin', 0, 2);
insert into post (id, name, content, note, idcategory) values (215, 'Richard', 'in felis eu sapien cursus vestibulum proin eu mi nulla ac enim in tempor turpis nec euismod scelerisque', 7, 10);
insert into post (id, name, content, note, idcategory) values (216, 'Ruby', 'non pretium quis lectus suspendisse potenti in eleifend quam a odio in hac habitasse platea dictumst maecenas', 0, 6);
insert into post (id, name, content, note, idcategory) values (217, 'Sarah', 'integer aliquet massa id lobortis convallis tortor risus dapibus augue vel accumsan tellus nisi eu orci mauris lacinia sapien', 10, 3);
insert into post (id, name, content, note, idcategory) values (218, 'Eric', 'luctus et ultrices posuere cubilia curae nulla dapibus dolor vel est donec odio justo sollicitudin', 11, 1);
insert into post (id, name, content, note, idcategory) values (219, 'Sarah', 'faucibus orci luctus et ultrices posuere cubilia curae donec pharetra magna vestibulum aliquet ultrices', 12, 9);
insert into post (id, name, content, note, idcategory) values (220, 'John', 'ornare imperdiet sapien urna pretium nisl ut volutpat sapien arcu sed augue aliquam erat volutpat in congue etiam', 4, 6);
insert into post (id, name, content, note, idcategory) values (221, 'Ryan', 'suspendisse potenti cras in purus eu magna vulputate luctus cum sociis natoque penatibus et', 5, 1);
insert into post (id, name, content, note, idcategory) values (222, 'Antonio', 'nam congue risus semper porta volutpat quam pede lobortis ligula sit amet eleifend pede libero quis orci', 2, 5);
insert into post (id, name, content, note, idcategory) values (223, 'Alan', 'integer ac neque duis bibendum morbi non quam nec dui luctus rutrum nulla tellus in sagittis dui vel nisl duis', 16, 1);
insert into post (id, name, content, note, idcategory) values (224, 'Jennifer', 'mauris vulputate elementum nullam varius nulla facilisi cras non velit nec nisi vulputate nonummy maecenas tincidunt', 19, 2);
insert into post (id, name, content, note, idcategory) values (225, 'Todd', 'scelerisque quam turpis adipiscing lorem vitae mattis nibh ligula nec sem duis aliquam', 12, 8);
insert into post (id, name, content, note, idcategory) values (226, 'Joyce', 'sem fusce consequat nulla nisl nunc nisl duis bibendum felis sed interdum venenatis turpis enim blandit mi', 18, 4);
insert into post (id, name, content, note, idcategory) values (227, 'Julia', 'ipsum dolor sit amet consectetuer adipiscing elit proin interdum mauris', 10, 2);
insert into post (id, name, content, note, idcategory) values (228, 'Daniel', 'ridiculus mus etiam vel augue vestibulum rutrum rutrum neque aenean auctor gravida sem', 20, 6);
insert into post (id, name, content, note, idcategory) values (229, 'Melissa', 'nulla ut erat id mauris vulputate elementum nullam varius nulla facilisi cras', 15, 10);
insert into post (id, name, content, note, idcategory) values (230, 'Steven', 'fusce consequat nulla nisl nunc nisl duis bibendum felis sed interdum venenatis turpis enim blandit mi', 15, 2);
insert into post (id, name, content, note, idcategory) values (231, 'Fred', 'mauris enim leo rhoncus sed vestibulum sit amet cursus id turpis integer aliquet massa id lobortis', 15, 9);
insert into post (id, name, content, note, idcategory) values (232, 'Catherine', 'blandit ultrices enim lorem ipsum dolor sit amet consectetuer adipiscing', 12, 1);
insert into post (id, name, content, note, idcategory) values (233, 'Heather', 'quam suspendisse potenti nullam porttitor lacus at turpis donec posuere metus vitae ipsum aliquam non mauris', 9, 10);
insert into post (id, name, content, note, idcategory) values (234, 'Nicholas', 'varius ut blandit non interdum in ante vestibulum ante ipsum primis in faucibus', 9, 6);
insert into post (id, name, content, note, idcategory) values (235, 'Phyllis', 'sapien quis libero nullam sit amet turpis elementum ligula vehicula consequat morbi a ipsum integer a nibh in quis', 11, 8);
insert into post (id, name, content, note, idcategory) values (236, 'Marie', 'ligula sit amet eleifend pede libero quis orci nullam molestie nibh in lectus pellentesque at nulla', 3, 4);
insert into post (id, name, content, note, idcategory) values (237, 'Ryan', 'fusce consequat nulla nisl nunc nisl duis bibendum felis sed interdum venenatis turpis enim blandit mi in porttitor pede', 1, 2);
insert into post (id, name, content, note, idcategory) values (238, 'Michelle', 'velit vivamus vel nulla eget eros elementum pellentesque quisque porta volutpat erat quisque erat eros viverra eget congue eget', 19, 5);
insert into post (id, name, content, note, idcategory) values (239, 'Anthony', 'elementum in hac habitasse platea dictumst morbi vestibulum velit id pretium iaculis diam erat fermentum justo nec', 7, 4);
insert into post (id, name, content, note, idcategory) values (240, 'Marie', 'amet diam in magna bibendum imperdiet nullam orci pede venenatis non sodales sed tincidunt eu felis fusce posuere felis', 8, 5);
insert into post (id, name, content, note, idcategory) values (241, 'Sara', 'ut at dolor quis odio consequat varius integer ac leo pellentesque ultrices mattis odio donec vitae', 0, 9);
insert into post (id, name, content, note, idcategory) values (242, 'Laura', 'tempus vivamus in felis eu sapien cursus vestibulum proin eu', 8, 10);
insert into post (id, name, content, note, idcategory) values (243, 'Rose', 'pulvinar sed nisl nunc rhoncus dui vel sem sed sagittis nam congue risus semper porta volutpat', 2, 4);
insert into post (id, name, content, note, idcategory) values (244, 'Helen', 'libero nam dui proin leo odio porttitor id consequat in consequat ut nulla', 4, 2);
insert into post (id, name, content, note, idcategory) values (245, 'Christine', 'ultrices libero non mattis pulvinar nulla pede ullamcorper augue a suscipit nulla', 6, 4);
insert into post (id, name, content, note, idcategory) values (246, 'Diana', 'eget massa tempor convallis nulla neque libero convallis eget eleifend luctus ultricies eu nibh quisque id', 0, 1);
insert into post (id, name, content, note, idcategory) values (247, 'Angela', 'turpis elementum ligula vehicula consequat morbi a ipsum integer a nibh in quis justo maecenas rhoncus aliquam lacus morbi quis', 16, 10);
insert into post (id, name, content, note, idcategory) values (248, 'Julia', 'non mattis pulvinar nulla pede ullamcorper augue a suscipit nulla elit ac', 19, 2);
insert into post (id, name, content, note, idcategory) values (249, 'Annie', 'vitae nisl aenean lectus pellentesque eget nunc donec quis orci eget orci vehicula condimentum curabitur in libero ut', 16, 6);
insert into post (id, name, content, note, idcategory) values (250, 'Lisa', 'vestibulum sagittis sapien cum sociis natoque penatibus et magnis dis parturient montes', 12, 6);
insert into post (id, name, content, note, idcategory) values (251, 'Kelly', 'ultrices mattis odio donec vitae nisi nam ultrices libero non mattis pulvinar nulla pede ullamcorper augue', 8, 5);
insert into post (id, name, content, note, idcategory) values (252, 'John', 'odio condimentum id luctus nec molestie sed justo pellentesque viverra pede', 12, 10);
insert into post (id, name, content, note, idcategory) values (253, 'Christine', 'erat fermentum justo nec condimentum neque sapien placerat ante nulla justo aliquam quis turpis eget elit', 18, 4);
insert into post (id, name, content, note, idcategory) values (254, 'Jeremy', 'sapien quis libero nullam sit amet turpis elementum ligula vehicula', 13, 7);
insert into post (id, name, content, note, idcategory) values (255, 'Randy', 'nulla mollis molestie lorem quisque ut erat curabitur gravida nisi at nibh in hac habitasse platea', 10, 9);
insert into post (id, name, content, note, idcategory) values (256, 'Rachel', 'velit id pretium iaculis diam erat fermentum justo nec condimentum neque sapien placerat ante nulla', 12, 9);
insert into post (id, name, content, note, idcategory) values (257, 'Patrick', 'felis fusce posuere felis sed lacus morbi sem mauris laoreet ut rhoncus aliquet pulvinar', 20, 3);
insert into post (id, name, content, note, idcategory) values (258, 'Shawn', 'lacus morbi quis tortor id nulla ultrices aliquet maecenas leo odio condimentum id luctus', 11, 4);
insert into post (id, name, content, note, idcategory) values (259, 'Catherine', 'tellus semper interdum mauris ullamcorper purus sit amet nulla quisque arcu libero rutrum ac lobortis', 8, 2);
insert into post (id, name, content, note, idcategory) values (260, 'Carol', 'varius integer ac leo pellentesque ultrices mattis odio donec vitae nisi nam', 1, 6);
insert into post (id, name, content, note, idcategory) values (261, 'Barbara', 'sapien ut nunc vestibulum ante ipsum primis in faucibus orci luctus', 8, 5);
insert into post (id, name, content, note, idcategory) values (262, 'Kathleen', 'a pede posuere nonummy integer non velit donec diam neque vestibulum eget vulputate', 0, 2);
insert into post (id, name, content, note, idcategory) values (263, 'Joyce', 'tristique fusce congue diam id ornare imperdiet sapien urna pretium', 20, 5);
insert into post (id, name, content, note, idcategory) values (264, 'Susan', 'ullamcorper augue a suscipit nulla elit ac nulla sed vel enim sit amet nunc viverra', 15, 1);
insert into post (id, name, content, note, idcategory) values (265, 'Brenda', 'sed vel enim sit amet nunc viverra dapibus nulla suscipit ligula in lacus curabitur at', 19, 1);
insert into post (id, name, content, note, idcategory) values (266, 'Charles', 'tortor sollicitudin mi sit amet lobortis sapien sapien non mi integer ac neque duis bibendum', 2, 6);
insert into post (id, name, content, note, idcategory) values (267, 'Jose', 'orci pede venenatis non sodales sed tincidunt eu felis fusce posuere felis sed lacus morbi sem mauris laoreet ut rhoncus', 17, 6);
insert into post (id, name, content, note, idcategory) values (268, 'Janet', 'auctor gravida sem praesent id massa id nisl venenatis lacinia aenean sit amet justo', 8, 8);
insert into post (id, name, content, note, idcategory) values (269, 'Andrea', 'curabitur in libero ut massa volutpat convallis morbi odio odio elementum eu interdum eu tincidunt in leo maecenas', 6, 4);
insert into post (id, name, content, note, idcategory) values (270, 'Joan', 'dolor quis odio consequat varius integer ac leo pellentesque ultrices mattis odio', 0, 8);
insert into post (id, name, content, note, idcategory) values (271, 'Annie', 'fusce congue diam id ornare imperdiet sapien urna pretium nisl ut volutpat sapien arcu sed', 15, 2);
insert into post (id, name, content, note, idcategory) values (272, 'Judy', 'congue elementum in hac habitasse platea dictumst morbi vestibulum velit id pretium iaculis diam erat fermentum justo nec condimentum neque', 1, 1);
insert into post (id, name, content, note, idcategory) values (273, 'Joyce', 'ut ultrices vel augue vestibulum ante ipsum primis in faucibus orci luctus et ultrices posuere cubilia curae donec pharetra', 2, 2);
insert into post (id, name, content, note, idcategory) values (274, 'Jessica', 'pede posuere nonummy integer non velit donec diam neque vestibulum eget vulputate ut ultrices vel augue', 14, 8);
insert into post (id, name, content, note, idcategory) values (275, 'Jeremy', 'pede lobortis ligula sit amet eleifend pede libero quis orci', 7, 8);
insert into post (id, name, content, note, idcategory) values (276, 'Doris', 'metus sapien ut nunc vestibulum ante ipsum primis in faucibus orci luctus', 2, 8);
insert into post (id, name, content, note, idcategory) values (277, 'Gloria', 'ipsum primis in faucibus orci luctus et ultrices posuere cubilia', 8, 6);
insert into post (id, name, content, note, idcategory) values (278, 'Norma', 'quis libero nullam sit amet turpis elementum ligula vehicula consequat morbi a ipsum integer', 7, 8);
insert into post (id, name, content, note, idcategory) values (279, 'Jason', 'in sapien iaculis congue vivamus metus arcu adipiscing molestie hendrerit at', 5, 10);
insert into post (id, name, content, note, idcategory) values (280, 'Melissa', 'nibh in lectus pellentesque at nulla suspendisse potenti cras in purus eu', 1, 9);
insert into post (id, name, content, note, idcategory) values (281, 'Sarah', 'turpis integer aliquet massa id lobortis convallis tortor risus dapibus augue vel accumsan tellus', 11, 4);
insert into post (id, name, content, note, idcategory) values (282, 'Jeffrey', 'posuere cubilia curae nulla dapibus dolor vel est donec odio justo sollicitudin ut suscipit a feugiat et eros vestibulum', 11, 9);
insert into post (id, name, content, note, idcategory) values (283, 'Linda', 'tortor id nulla ultrices aliquet maecenas leo odio condimentum id luctus nec molestie sed justo pellentesque viverra pede ac diam', 14, 5);
insert into post (id, name, content, note, idcategory) values (284, 'Julia', 'consequat in consequat ut nulla sed accumsan felis ut at dolor', 18, 1);
insert into post (id, name, content, note, idcategory) values (285, 'Kathy', 'quis turpis sed ante vivamus tortor duis mattis egestas metus aenean fermentum donec ut mauris eget massa tempor', 1, 2);
insert into post (id, name, content, note, idcategory) values (286, 'Janet', 'aliquet massa id lobortis convallis tortor risus dapibus augue vel accumsan tellus nisi eu orci mauris', 17, 2);
insert into post (id, name, content, note, idcategory) values (287, 'Matthew', 'maecenas ut massa quis augue luctus tincidunt nulla mollis molestie lorem quisque ut erat curabitur gravida nisi at nibh in', 16, 1);
insert into post (id, name, content, note, idcategory) values (288, 'Joan', 'tincidunt eu felis fusce posuere felis sed lacus morbi sem mauris laoreet ut rhoncus aliquet pulvinar', 12, 1);
insert into post (id, name, content, note, idcategory) values (289, 'Maria', 'donec dapibus duis at velit eu est congue elementum in hac habitasse platea dictumst morbi vestibulum velit id pretium iaculis', 17, 3);
insert into post (id, name, content, note, idcategory) values (290, 'Carl', 'mi sit amet lobortis sapien sapien non mi integer ac neque duis bibendum morbi non quam nec dui luctus', 16, 5);
insert into post (id, name, content, note, idcategory) values (291, 'Steven', 'duis bibendum felis sed interdum venenatis turpis enim blandit mi in porttitor', 14, 9);
insert into post (id, name, content, note, idcategory) values (292, 'Craig', 'auctor sed tristique in tempus sit amet sem fusce consequat nulla nisl nunc nisl duis bibendum felis sed interdum venenatis', 1, 4);
insert into post (id, name, content, note, idcategory) values (293, 'James', 'pretium quis lectus suspendisse potenti in eleifend quam a odio in hac habitasse platea dictumst maecenas', 14, 9);
insert into post (id, name, content, note, idcategory) values (294, 'Cheryl', 'venenatis turpis enim blandit mi in porttitor pede justo eu massa donec dapibus duis at velit eu est', 15, 2);
insert into post (id, name, content, note, idcategory) values (295, 'Betty', 'nibh in quis justo maecenas rhoncus aliquam lacus morbi quis tortor id nulla ultrices', 17, 5);
insert into post (id, name, content, note, idcategory) values (296, 'Henry', 'posuere nonummy integer non velit donec diam neque vestibulum eget vulputate', 18, 2);
insert into post (id, name, content, note, idcategory) values (297, 'Bruce', 'in felis eu sapien cursus vestibulum proin eu mi nulla ac enim in tempor turpis nec euismod scelerisque quam', 6, 4);
insert into post (id, name, content, note, idcategory) values (298, 'Timothy', 'convallis nulla neque libero convallis eget eleifend luctus ultricies eu nibh quisque', 20, 2);
insert into post (id, name, content, note, idcategory) values (299, 'Alice', 'nunc proin at turpis a pede posuere nonummy integer non velit donec diam neque vestibulum eget vulputate ut', 2, 10);
insert into post (id, name, content, note, idcategory) values (300, 'Julie', 'primis in faucibus orci luctus et ultrices posuere cubilia curae donec pharetra', 16, 4);
insert into post (id, name, content, note, idcategory) values (301, 'Michael', 'eu est congue elementum in hac habitasse platea dictumst morbi vestibulum velit id', 3, 6);
insert into post (id, name, content, note, idcategory) values (302, 'Julia', 'orci luctus et ultrices posuere cubilia curae duis faucibus accumsan odio curabitur convallis duis consequat dui nec', 17, 7);
insert into post (id, name, content, note, idcategory) values (303, 'Philip', 'vitae consectetuer eget rutrum at lorem integer tincidunt ante vel', 2, 7);
insert into post (id, name, content, note, idcategory) values (304, 'Helen', 'volutpat erat quisque erat eros viverra eget congue eget semper rutrum', 15, 10);
insert into post (id, name, content, note, idcategory) values (305, 'Larry', 'non pretium quis lectus suspendisse potenti in eleifend quam a', 16, 4);
insert into post (id, name, content, note, idcategory) values (306, 'Nancy', 'vestibulum ante ipsum primis in faucibus orci luctus et ultrices posuere cubilia curae mauris viverra', 17, 5);
insert into post (id, name, content, note, idcategory) values (307, 'Melissa', 'nulla tellus in sagittis dui vel nisl duis ac nibh fusce lacus purus aliquet at', 20, 9);
insert into post (id, name, content, note, idcategory) values (308, 'Jimmy', 'ac leo pellentesque ultrices mattis odio donec vitae nisi nam ultrices libero non mattis pulvinar nulla pede ullamcorper', 20, 3);
insert into post (id, name, content, note, idcategory) values (309, 'Aaron', 'vestibulum aliquet ultrices erat tortor sollicitudin mi sit amet lobortis sapien sapien non mi integer ac', 20, 10);
insert into post (id, name, content, note, idcategory) values (310, 'Harold', 'vitae mattis nibh ligula nec sem duis aliquam convallis nunc proin at turpis a pede posuere nonummy integer', 16, 5);
insert into post (id, name, content, note, idcategory) values (311, 'Roger', 'nisi vulputate nonummy maecenas tincidunt lacus at velit vivamus vel nulla eget eros elementum', 5, 5);
insert into post (id, name, content, note, idcategory) values (312, 'Bobby', 'erat id mauris vulputate elementum nullam varius nulla facilisi cras non velit nec', 3, 4);
insert into post (id, name, content, note, idcategory) values (313, 'Daniel', 'varius integer ac leo pellentesque ultrices mattis odio donec vitae nisi nam ultrices libero non', 6, 4);
insert into post (id, name, content, note, idcategory) values (314, 'Jean', 'sapien cum sociis natoque penatibus et magnis dis parturient montes nascetur ridiculus', 0, 6);
insert into post (id, name, content, note, idcategory) values (315, 'Doris', 'quisque ut erat curabitur gravida nisi at nibh in hac habitasse platea', 4, 1);
insert into post (id, name, content, note, idcategory) values (316, 'Kathy', 'viverra diam vitae quam suspendisse potenti nullam porttitor lacus at turpis donec posuere metus', 13, 8);
insert into post (id, name, content, note, idcategory) values (317, 'Rachel', 'parturient montes nascetur ridiculus mus vivamus vestibulum sagittis sapien cum sociis natoque', 8, 8);
insert into post (id, name, content, note, idcategory) values (318, 'Betty', 'sapien ut nunc vestibulum ante ipsum primis in faucibus orci luctus et ultrices posuere cubilia curae mauris', 11, 2);
insert into post (id, name, content, note, idcategory) values (319, 'Louis', 'dolor sit amet consectetuer adipiscing elit proin interdum mauris non ligula', 13, 5);
insert into post (id, name, content, note, idcategory) values (320, 'Lawrence', 'fermentum justo nec condimentum neque sapien placerat ante nulla justo aliquam quis turpis eget', 14, 9);
insert into post (id, name, content, note, idcategory) values (321, 'Wanda', 'aenean lectus pellentesque eget nunc donec quis orci eget orci vehicula condimentum curabitur', 14, 10);
insert into post (id, name, content, note, idcategory) values (322, 'Theresa', 'eu tincidunt in leo maecenas pulvinar lobortis est phasellus sit amet', 12, 1);
insert into post (id, name, content, note, idcategory) values (323, 'Wanda', 'diam cras pellentesque volutpat dui maecenas tristique est et tempus semper est', 5, 10);
insert into post (id, name, content, note, idcategory) values (324, 'Jimmy', 'in tempus sit amet sem fusce consequat nulla nisl nunc nisl duis bibendum', 19, 2);
insert into post (id, name, content, note, idcategory) values (325, 'Raymond', 'proin eu mi nulla ac enim in tempor turpis nec euismod scelerisque quam turpis adipiscing lorem vitae mattis nibh', 13, 9);
insert into post (id, name, content, note, idcategory) values (326, 'Julie', 'pellentesque quisque porta volutpat erat quisque erat eros viverra eget congue eget semper rutrum', 0, 8);
insert into post (id, name, content, note, idcategory) values (327, 'Keith', 'orci nullam molestie nibh in lectus pellentesque at nulla suspendisse potenti cras in purus eu magna vulputate luctus cum', 10, 4);
insert into post (id, name, content, note, idcategory) values (328, 'Jacqueline', 'sociis natoque penatibus et magnis dis parturient montes nascetur ridiculus mus vivamus vestibulum sagittis sapien', 3, 2);
insert into post (id, name, content, note, idcategory) values (329, 'Nicholas', 'condimentum id luctus nec molestie sed justo pellentesque viverra pede ac diam cras pellentesque volutpat dui maecenas tristique', 14, 5);
insert into post (id, name, content, note, idcategory) values (330, 'Cynthia', 'eu tincidunt in leo maecenas pulvinar lobortis est phasellus sit amet erat nulla', 3, 8);
insert into post (id, name, content, note, idcategory) values (331, 'Emily', 'dolor sit amet consectetuer adipiscing elit proin risus praesent lectus vestibulum quam sapien varius', 6, 5);
insert into post (id, name, content, note, idcategory) values (332, 'Michelle', 'ligula suspendisse ornare consequat lectus in est risus auctor sed tristique in tempus sit amet', 17, 4);
insert into post (id, name, content, note, idcategory) values (333, 'Michelle', 'eget semper rutrum nulla nunc purus phasellus in felis donec semper sapien a libero', 6, 3);
insert into post (id, name, content, note, idcategory) values (334, 'Gary', 'sed justo pellentesque viverra pede ac diam cras pellentesque volutpat dui maecenas tristique', 19, 3);
insert into post (id, name, content, note, idcategory) values (335, 'Pamela', 'luctus ultricies eu nibh quisque id justo sit amet sapien dignissim vestibulum vestibulum ante', 20, 7);
insert into post (id, name, content, note, idcategory) values (336, 'Ralph', 'faucibus orci luctus et ultrices posuere cubilia curae nulla dapibus dolor vel est donec odio justo', 20, 6);
insert into post (id, name, content, note, idcategory) values (337, 'Judy', 'orci luctus et ultrices posuere cubilia curae mauris viverra diam vitae quam suspendisse potenti', 2, 2);
insert into post (id, name, content, note, idcategory) values (338, 'Paul', 'augue luctus tincidunt nulla mollis molestie lorem quisque ut erat', 13, 10);
insert into post (id, name, content, note, idcategory) values (339, 'Charles', 'est quam pharetra magna ac consequat metus sapien ut nunc vestibulum ante', 15, 6);
insert into post (id, name, content, note, idcategory) values (340, 'Peter', 'nisl nunc rhoncus dui vel sem sed sagittis nam congue risus semper porta volutpat quam pede lobortis ligula sit', 4, 2);
insert into post (id, name, content, note, idcategory) values (341, 'Janice', 'felis sed interdum venenatis turpis enim blandit mi in porttitor pede justo eu massa donec dapibus duis', 8, 7);
insert into post (id, name, content, note, idcategory) values (342, 'Judith', 'volutpat erat quisque erat eros viverra eget congue eget semper rutrum nulla nunc purus phasellus in felis donec semper sapien', 4, 6);
insert into post (id, name, content, note, idcategory) values (343, 'Ralph', 'magna vestibulum aliquet ultrices erat tortor sollicitudin mi sit amet lobortis sapien sapien non mi integer ac neque duis bibendum', 0, 7);
insert into post (id, name, content, note, idcategory) values (344, 'Craig', 'vestibulum proin eu mi nulla ac enim in tempor turpis nec euismod', 9, 7);
insert into post (id, name, content, note, idcategory) values (345, 'Billy', 'venenatis non sodales sed tincidunt eu felis fusce posuere felis sed lacus morbi sem mauris laoreet ut rhoncus', 18, 4);
insert into post (id, name, content, note, idcategory) values (346, 'Julia', 'tortor id nulla ultrices aliquet maecenas leo odio condimentum id luctus nec molestie sed justo pellentesque viverra pede ac', 4, 2);
insert into post (id, name, content, note, idcategory) values (347, 'Heather', 'semper sapien a libero nam dui proin leo odio porttitor id consequat in consequat ut nulla sed', 18, 6);
insert into post (id, name, content, note, idcategory) values (348, 'Jean', 'risus semper porta volutpat quam pede lobortis ligula sit amet eleifend pede libero quis orci nullam molestie nibh', 18, 8);
insert into post (id, name, content, note, idcategory) values (349, 'Jimmy', 'augue vestibulum rutrum rutrum neque aenean auctor gravida sem praesent id massa id nisl venenatis', 4, 2);
insert into post (id, name, content, note, idcategory) values (350, 'Gary', 'consequat lectus in est risus auctor sed tristique in tempus sit amet sem fusce consequat', 19, 5);
insert into post (id, name, content, note, idcategory) values (351, 'Helen', 'est et tempus semper est quam pharetra magna ac consequat metus sapien ut', 15, 5);
insert into post (id, name, content, note, idcategory) values (352, 'Brenda', 'pulvinar lobortis est phasellus sit amet erat nulla tempus vivamus', 11, 1);
insert into post (id, name, content, note, idcategory) values (353, 'Emily', 'quis tortor id nulla ultrices aliquet maecenas leo odio condimentum id luctus nec molestie', 16, 5);
insert into post (id, name, content, note, idcategory) values (354, 'Victor', 'donec pharetra magna vestibulum aliquet ultrices erat tortor sollicitudin mi sit amet lobortis sapien sapien non mi', 4, 1);
insert into post (id, name, content, note, idcategory) values (355, 'Jonathan', 'ante ipsum primis in faucibus orci luctus et ultrices posuere cubilia', 9, 6);
insert into post (id, name, content, note, idcategory) values (356, 'Scott', 'proin eu mi nulla ac enim in tempor turpis nec euismod scelerisque quam', 13, 6);
insert into post (id, name, content, note, idcategory) values (357, 'Stephanie', 'in felis eu sapien cursus vestibulum proin eu mi nulla ac enim', 9, 10);
insert into post (id, name, content, note, idcategory) values (358, 'Randy', 'diam vitae quam suspendisse potenti nullam porttitor lacus at turpis donec posuere metus vitae ipsum aliquam', 3, 3);
insert into post (id, name, content, note, idcategory) values (359, 'Stephen', 'enim blandit mi in porttitor pede justo eu massa donec dapibus duis at velit eu est congue elementum in', 16, 4);
insert into post (id, name, content, note, idcategory) values (360, 'Rachel', 'convallis duis consequat dui nec nisi volutpat eleifend donec ut dolor morbi vel', 4, 4);
insert into post (id, name, content, note, idcategory) values (361, 'Angela', 'turpis nec euismod scelerisque quam turpis adipiscing lorem vitae mattis nibh ligula nec', 14, 6);
insert into post (id, name, content, note, idcategory) values (362, 'Evelyn', 'integer pede justo lacinia eget tincidunt eget tempus vel pede', 6, 6);
insert into post (id, name, content, note, idcategory) values (363, 'Dennis', 'pharetra magna ac consequat metus sapien ut nunc vestibulum ante ipsum primis in faucibus orci luctus', 16, 8);
insert into post (id, name, content, note, idcategory) values (364, 'Terry', 'curabitur at ipsum ac tellus semper interdum mauris ullamcorper purus sit amet nulla quisque', 17, 4);
insert into post (id, name, content, note, idcategory) values (365, 'Marilyn', 'mauris non ligula pellentesque ultrices phasellus id sapien in sapien iaculis congue vivamus metus arcu adipiscing molestie hendrerit at', 17, 1);
insert into post (id, name, content, note, idcategory) values (366, 'Peter', 'justo pellentesque viverra pede ac diam cras pellentesque volutpat dui maecenas tristique', 13, 10);
insert into post (id, name, content, note, idcategory) values (367, 'Kathryn', 'odio consequat varius integer ac leo pellentesque ultrices mattis odio donec vitae nisi nam', 1, 4);
insert into post (id, name, content, note, idcategory) values (368, 'Julia', 'ultrices posuere cubilia curae donec pharetra magna vestibulum aliquet ultrices erat tortor sollicitudin mi sit amet', 8, 2);
insert into post (id, name, content, note, idcategory) values (369, 'Raymond', 'donec ut dolor morbi vel lectus in quam fringilla rhoncus', 16, 5);
insert into post (id, name, content, note, idcategory) values (370, 'Larry', 'mauris viverra diam vitae quam suspendisse potenti nullam porttitor lacus at turpis donec posuere metus', 8, 6);
insert into post (id, name, content, note, idcategory) values (371, 'Joshua', 'nec dui luctus rutrum nulla tellus in sagittis dui vel nisl', 10, 5);
insert into post (id, name, content, note, idcategory) values (372, 'Amy', 'sit amet lobortis sapien sapien non mi integer ac neque duis', 15, 2);
insert into post (id, name, content, note, idcategory) values (373, 'Ruby', 'ut odio cras mi pede malesuada in imperdiet et commodo vulputate justo in blandit ultrices enim', 15, 1);
insert into post (id, name, content, note, idcategory) values (374, 'Louise', 'nam congue risus semper porta volutpat quam pede lobortis ligula sit amet eleifend', 10, 5);
insert into post (id, name, content, note, idcategory) values (375, 'Linda', 'amet erat nulla tempus vivamus in felis eu sapien cursus vestibulum', 7, 2);
insert into post (id, name, content, note, idcategory) values (376, 'Harold', 'tortor id nulla ultrices aliquet maecenas leo odio condimentum id luctus nec', 20, 3);
insert into post (id, name, content, note, idcategory) values (377, 'Joseph', 'ut erat id mauris vulputate elementum nullam varius nulla facilisi cras non velit nec nisi vulputate nonummy maecenas tincidunt lacus', 10, 8);
insert into post (id, name, content, note, idcategory) values (378, 'Paul', 'sit amet lobortis sapien sapien non mi integer ac neque duis bibendum morbi non quam nec dui luctus', 12, 1);
insert into post (id, name, content, note, idcategory) values (379, 'Nancy', 'non pretium quis lectus suspendisse potenti in eleifend quam a odio in hac habitasse platea dictumst maecenas ut', 11, 1);
insert into post (id, name, content, note, idcategory) values (380, 'Michelle', 'sed nisl nunc rhoncus dui vel sem sed sagittis nam congue risus semper porta volutpat quam pede', 2, 10);
insert into post (id, name, content, note, idcategory) values (381, 'Jack', 'lacinia aenean sit amet justo morbi ut odio cras mi', 14, 1);
insert into post (id, name, content, note, idcategory) values (382, 'Henry', 'dolor vel est donec odio justo sollicitudin ut suscipit a feugiat et eros vestibulum ac est lacinia nisi venenatis', 17, 8);
insert into post (id, name, content, note, idcategory) values (383, 'Shawn', 'ligula pellentesque ultrices phasellus id sapien in sapien iaculis congue vivamus metus', 11, 7);
insert into post (id, name, content, note, idcategory) values (384, 'Christina', 'eleifend quam a odio in hac habitasse platea dictumst maecenas ut massa quis augue luctus', 16, 6);
insert into post (id, name, content, note, idcategory) values (385, 'John', 'sit amet nunc viverra dapibus nulla suscipit ligula in lacus curabitur at ipsum ac tellus semper interdum mauris ullamcorper purus', 3, 8);
insert into post (id, name, content, note, idcategory) values (386, 'Nicole', 'facilisi cras non velit nec nisi vulputate nonummy maecenas tincidunt lacus at velit vivamus', 0, 5);
insert into post (id, name, content, note, idcategory) values (387, 'Ralph', 'integer a nibh in quis justo maecenas rhoncus aliquam lacus', 8, 2);
insert into post (id, name, content, note, idcategory) values (388, 'Mildred', 'metus vitae ipsum aliquam non mauris morbi non lectus aliquam sit amet diam in magna bibendum imperdiet nullam', 11, 9);
insert into post (id, name, content, note, idcategory) values (389, 'Norma', 'porta volutpat quam pede lobortis ligula sit amet eleifend pede libero quis orci nullam molestie', 14, 6);
insert into post (id, name, content, note, idcategory) values (390, 'Eugene', 'porta volutpat quam pede lobortis ligula sit amet eleifend pede libero', 12, 5);
insert into post (id, name, content, note, idcategory) values (391, 'William', 'eleifend donec ut dolor morbi vel lectus in quam fringilla rhoncus mauris enim leo rhoncus sed vestibulum sit', 1, 3);
insert into post (id, name, content, note, idcategory) values (392, 'Debra', 'nisl nunc rhoncus dui vel sem sed sagittis nam congue risus semper porta volutpat quam pede lobortis', 11, 9);
insert into post (id, name, content, note, idcategory) values (393, 'Sean', 'lectus pellentesque at nulla suspendisse potenti cras in purus eu magna vulputate luctus cum sociis natoque penatibus', 10, 4);
insert into post (id, name, content, note, idcategory) values (394, 'Joe', 'cras mi pede malesuada in imperdiet et commodo vulputate justo in blandit ultrices enim lorem ipsum dolor sit amet', 15, 10);
insert into post (id, name, content, note, idcategory) values (395, 'Janice', 'pellentesque viverra pede ac diam cras pellentesque volutpat dui maecenas tristique est et tempus semper', 9, 2);
insert into post (id, name, content, note, idcategory) values (396, 'Nicole', 'in hac habitasse platea dictumst aliquam augue quam sollicitudin vitae consectetuer eget rutrum at lorem integer tincidunt', 3, 9);
insert into post (id, name, content, note, idcategory) values (397, 'Amy', 'pede morbi porttitor lorem id ligula suspendisse ornare consequat lectus in', 8, 8);
insert into post (id, name, content, note, idcategory) values (398, 'Philip', 'tincidunt eu felis fusce posuere felis sed lacus morbi sem mauris laoreet ut rhoncus aliquet', 4, 8);
insert into post (id, name, content, note, idcategory) values (399, 'Susan', 'sapien quis libero nullam sit amet turpis elementum ligula vehicula consequat morbi a ipsum integer a nibh in', 2, 10);
insert into post (id, name, content, note, idcategory) values (400, 'Jerry', 'congue diam id ornare imperdiet sapien urna pretium nisl ut volutpat sapien', 7, 6);
insert into post (id, name, content, note, idcategory) values (401, 'Arthur', 'nunc proin at turpis a pede posuere nonummy integer non velit donec diam neque vestibulum eget vulputate ut ultrices vel', 3, 8);
insert into post (id, name, content, note, idcategory) values (402, 'Martin', 'nisi at nibh in hac habitasse platea dictumst aliquam augue quam sollicitudin vitae', 17, 10);
insert into post (id, name, content, note, idcategory) values (403, 'Arthur', 'pede lobortis ligula sit amet eleifend pede libero quis orci nullam molestie nibh', 1, 1);
insert into post (id, name, content, note, idcategory) values (404, 'Anna', 'rhoncus aliquam lacus morbi quis tortor id nulla ultrices aliquet maecenas leo odio condimentum id luctus', 18, 2);
insert into post (id, name, content, note, idcategory) values (405, 'Kenneth', 'placerat praesent blandit nam nulla integer pede justo lacinia eget tincidunt eget tempus vel pede morbi', 12, 3);
insert into post (id, name, content, note, idcategory) values (406, 'Doris', 'est risus auctor sed tristique in tempus sit amet sem fusce consequat nulla nisl nunc nisl duis', 0, 7);
insert into post (id, name, content, note, idcategory) values (407, 'Diana', 'fermentum justo nec condimentum neque sapien placerat ante nulla justo aliquam quis turpis eget elit', 3, 2);
insert into post (id, name, content, note, idcategory) values (408, 'Paula', 'mi pede malesuada in imperdiet et commodo vulputate justo in blandit ultrices enim lorem', 19, 4);
insert into post (id, name, content, note, idcategory) values (409, 'Sharon', 'luctus et ultrices posuere cubilia curae nulla dapibus dolor vel est donec odio justo sollicitudin', 7, 10);
insert into post (id, name, content, note, idcategory) values (410, 'Aaron', 'donec quis orci eget orci vehicula condimentum curabitur in libero', 4, 9);
insert into post (id, name, content, note, idcategory) values (411, 'Nicole', 'blandit mi in porttitor pede justo eu massa donec dapibus duis', 19, 5);
insert into post (id, name, content, note, idcategory) values (412, 'Randy', 'eget congue eget semper rutrum nulla nunc purus phasellus in felis', 14, 4);
insert into post (id, name, content, note, idcategory) values (413, 'Diane', 'odio donec vitae nisi nam ultrices libero non mattis pulvinar nulla pede ullamcorper augue a', 12, 8);
insert into post (id, name, content, note, idcategory) values (414, 'Kathy', 'nulla justo aliquam quis turpis eget elit sodales scelerisque mauris sit amet eros', 18, 3);
insert into post (id, name, content, note, idcategory) values (415, 'Mark', 'nullam varius nulla facilisi cras non velit nec nisi vulputate nonummy maecenas tincidunt lacus at velit vivamus', 12, 1);
insert into post (id, name, content, note, idcategory) values (416, 'Patricia', 'convallis nunc proin at turpis a pede posuere nonummy integer non velit donec diam neque vestibulum', 6, 8);
insert into post (id, name, content, note, idcategory) values (417, 'Charles', 'lorem vitae mattis nibh ligula nec sem duis aliquam convallis nunc proin at turpis a', 1, 8);
insert into post (id, name, content, note, idcategory) values (418, 'Samuel', 'varius integer ac leo pellentesque ultrices mattis odio donec vitae nisi nam ultrices', 14, 5);
insert into post (id, name, content, note, idcategory) values (419, 'Janice', 'ipsum primis in faucibus orci luctus et ultrices posuere cubilia curae mauris viverra diam vitae', 15, 9);
insert into post (id, name, content, note, idcategory) values (420, 'Melissa', 'purus phasellus in felis donec semper sapien a libero nam dui proin leo odio porttitor', 12, 2);
insert into post (id, name, content, note, idcategory) values (421, 'Joyce', 'tristique est et tempus semper est quam pharetra magna ac consequat metus', 15, 4);
insert into post (id, name, content, note, idcategory) values (422, 'Patricia', 'pede justo lacinia eget tincidunt eget tempus vel pede morbi porttitor lorem id ligula suspendisse', 3, 8);
insert into post (id, name, content, note, idcategory) values (423, 'Gregory', 'primis in faucibus orci luctus et ultrices posuere cubilia curae nulla dapibus dolor vel est donec odio justo sollicitudin', 19, 6);
insert into post (id, name, content, note, idcategory) values (424, 'Ann', 'eu interdum eu tincidunt in leo maecenas pulvinar lobortis est phasellus sit', 16, 4);
insert into post (id, name, content, note, idcategory) values (425, 'Paula', 'elementum ligula vehicula consequat morbi a ipsum integer a nibh in quis justo maecenas rhoncus aliquam lacus morbi quis', 19, 4);
insert into post (id, name, content, note, idcategory) values (426, 'Rebecca', 'curabitur gravida nisi at nibh in hac habitasse platea dictumst aliquam augue quam sollicitudin vitae', 9, 6);
insert into post (id, name, content, note, idcategory) values (427, 'Jeremy', 'donec quis orci eget orci vehicula condimentum curabitur in libero ut massa volutpat convallis morbi odio odio elementum eu', 16, 9);
insert into post (id, name, content, note, idcategory) values (428, 'Irene', 'quam nec dui luctus rutrum nulla tellus in sagittis dui vel nisl duis', 1, 8);
insert into post (id, name, content, note, idcategory) values (429, 'Dennis', 'rutrum nulla tellus in sagittis dui vel nisl duis ac nibh fusce lacus purus aliquet', 14, 2);
insert into post (id, name, content, note, idcategory) values (430, 'Amanda', 'vel nulla eget eros elementum pellentesque quisque porta volutpat erat quisque erat eros viverra eget congue eget semper', 6, 5);
insert into post (id, name, content, note, idcategory) values (431, 'Victor', 'sociis natoque penatibus et magnis dis parturient montes nascetur ridiculus mus', 20, 4);
insert into post (id, name, content, note, idcategory) values (432, 'Joseph', 'ut dolor morbi vel lectus in quam fringilla rhoncus mauris enim leo rhoncus sed vestibulum sit amet', 20, 10);
insert into post (id, name, content, note, idcategory) values (433, 'Jerry', 'in congue etiam justo etiam pretium iaculis justo in hac habitasse', 3, 7);
insert into post (id, name, content, note, idcategory) values (434, 'Barbara', 'rutrum nulla tellus in sagittis dui vel nisl duis ac nibh fusce lacus purus aliquet at feugiat non pretium quis', 1, 1);
insert into post (id, name, content, note, idcategory) values (435, 'Michael', 'feugiat non pretium quis lectus suspendisse potenti in eleifend quam a odio in hac', 0, 2);
insert into post (id, name, content, note, idcategory) values (436, 'Sarah', 'quis tortor id nulla ultrices aliquet maecenas leo odio condimentum', 17, 1);
insert into post (id, name, content, note, idcategory) values (437, 'Jason', 'ipsum integer a nibh in quis justo maecenas rhoncus aliquam lacus morbi quis tortor id nulla', 10, 3);
insert into post (id, name, content, note, idcategory) values (438, 'Fred', 'odio porttitor id consequat in consequat ut nulla sed accumsan felis ut', 3, 7);
insert into post (id, name, content, note, idcategory) values (439, 'Henry', 'nisi eu orci mauris lacinia sapien quis libero nullam sit amet turpis elementum ligula vehicula', 11, 5);
insert into post (id, name, content, note, idcategory) values (440, 'Joan', 'habitasse platea dictumst maecenas ut massa quis augue luctus tincidunt nulla mollis molestie lorem quisque ut erat', 0, 3);
insert into post (id, name, content, note, idcategory) values (441, 'Gloria', 'luctus cum sociis natoque penatibus et magnis dis parturient montes nascetur', 19, 9);
insert into post (id, name, content, note, idcategory) values (442, 'Cynthia', 'pede venenatis non sodales sed tincidunt eu felis fusce posuere felis sed lacus morbi sem mauris laoreet ut', 9, 8);
insert into post (id, name, content, note, idcategory) values (443, 'Gary', 'varius integer ac leo pellentesque ultrices mattis odio donec vitae nisi nam ultrices libero non mattis pulvinar nulla pede ullamcorper', 2, 1);
insert into post (id, name, content, note, idcategory) values (444, 'Justin', 'ut massa volutpat convallis morbi odio odio elementum eu interdum eu tincidunt in leo', 16, 2);
insert into post (id, name, content, note, idcategory) values (445, 'Katherine', 'lacinia eget tincidunt eget tempus vel pede morbi porttitor lorem id ligula suspendisse ornare', 7, 5);
insert into post (id, name, content, note, idcategory) values (446, 'Katherine', 'semper sapien a libero nam dui proin leo odio porttitor id consequat in consequat ut nulla', 4, 9);
insert into post (id, name, content, note, idcategory) values (447, 'Rose', 'dictumst maecenas ut massa quis augue luctus tincidunt nulla mollis molestie lorem quisque ut erat curabitur gravida', 4, 4);
insert into post (id, name, content, note, idcategory) values (448, 'Stephanie', 'vitae mattis nibh ligula nec sem duis aliquam convallis nunc proin at turpis a pede posuere nonummy integer', 0, 10);
insert into post (id, name, content, note, idcategory) values (449, 'Tina', 'nisl duis bibendum felis sed interdum venenatis turpis enim blandit mi in porttitor pede justo eu', 5, 7);
insert into post (id, name, content, note, idcategory) values (450, 'Phyllis', 'eget vulputate ut ultrices vel augue vestibulum ante ipsum primis', 12, 3);
insert into post (id, name, content, note, idcategory) values (451, 'Benjamin', 'ut massa volutpat convallis morbi odio odio elementum eu interdum eu tincidunt in leo maecenas', 5, 10);
insert into post (id, name, content, note, idcategory) values (452, 'Matthew', 'sed accumsan felis ut at dolor quis odio consequat varius integer ac leo pellentesque', 19, 1);
insert into post (id, name, content, note, idcategory) values (453, 'Harold', 'est congue elementum in hac habitasse platea dictumst morbi vestibulum velit id pretium iaculis diam erat fermentum justo nec', 9, 1);
insert into post (id, name, content, note, idcategory) values (454, 'Mark', 'non ligula pellentesque ultrices phasellus id sapien in sapien iaculis congue vivamus metus arcu adipiscing molestie hendrerit at', 5, 8);
insert into post (id, name, content, note, idcategory) values (455, 'Gloria', 'magna at nunc commodo placerat praesent blandit nam nulla integer pede', 6, 8);
insert into post (id, name, content, note, idcategory) values (456, 'Wayne', 'lacinia eget tincidunt eget tempus vel pede morbi porttitor lorem id', 3, 5);
insert into post (id, name, content, note, idcategory) values (457, 'Gregory', 'eget vulputate ut ultrices vel augue vestibulum ante ipsum primis', 7, 3);
insert into post (id, name, content, note, idcategory) values (458, 'Martha', 'risus semper porta volutpat quam pede lobortis ligula sit amet eleifend', 20, 10);
insert into post (id, name, content, note, idcategory) values (459, 'Irene', 'in magna bibendum imperdiet nullam orci pede venenatis non sodales sed tincidunt eu felis fusce posuere felis sed', 18, 9);
insert into post (id, name, content, note, idcategory) values (460, 'George', 'turpis integer aliquet massa id lobortis convallis tortor risus dapibus augue vel accumsan tellus nisi eu orci', 1, 6);
insert into post (id, name, content, note, idcategory) values (461, 'Betty', 'sit amet eleifend pede libero quis orci nullam molestie nibh in lectus pellentesque at', 19, 8);
insert into post (id, name, content, note, idcategory) values (462, 'Johnny', 'sit amet justo morbi ut odio cras mi pede malesuada in imperdiet', 10, 8);
insert into post (id, name, content, note, idcategory) values (463, 'Maria', 'pulvinar lobortis est phasellus sit amet erat nulla tempus vivamus in felis eu', 12, 5);
insert into post (id, name, content, note, idcategory) values (464, 'Diane', 'sit amet sapien dignissim vestibulum vestibulum ante ipsum primis in faucibus orci luctus et', 14, 1);
insert into post (id, name, content, note, idcategory) values (465, 'Wayne', 'neque sapien placerat ante nulla justo aliquam quis turpis eget elit sodales scelerisque mauris sit amet eros suspendisse', 15, 3);
insert into post (id, name, content, note, idcategory) values (466, 'Wanda', 'quam a odio in hac habitasse platea dictumst maecenas ut massa quis augue luctus tincidunt nulla mollis', 12, 3);
insert into post (id, name, content, note, idcategory) values (467, 'Nicole', 'ante vestibulum ante ipsum primis in faucibus orci luctus et ultrices posuere', 17, 8);
insert into post (id, name, content, note, idcategory) values (468, 'Norma', 'risus dapibus augue vel accumsan tellus nisi eu orci mauris lacinia sapien quis libero nullam sit amet', 11, 10);
insert into post (id, name, content, note, idcategory) values (469, 'Judith', 'lorem ipsum dolor sit amet consectetuer adipiscing elit proin risus praesent lectus vestibulum quam sapien varius ut blandit', 19, 9);
insert into post (id, name, content, note, idcategory) values (470, 'Alan', 'dolor quis odio consequat varius integer ac leo pellentesque ultrices mattis odio donec vitae', 16, 8);
insert into post (id, name, content, note, idcategory) values (471, 'Amanda', 'phasellus id sapien in sapien iaculis congue vivamus metus arcu adipiscing molestie', 10, 10);
insert into post (id, name, content, note, idcategory) values (472, 'Rachel', 'mauris eget massa tempor convallis nulla neque libero convallis eget eleifend luctus ultricies', 17, 8);
insert into post (id, name, content, note, idcategory) values (473, 'Matthew', 'ut massa volutpat convallis morbi odio odio elementum eu interdum eu tincidunt in leo maecenas pulvinar', 11, 5);
insert into post (id, name, content, note, idcategory) values (474, 'Steve', 'libero convallis eget eleifend luctus ultricies eu nibh quisque id justo', 9, 5);
insert into post (id, name, content, note, idcategory) values (475, 'Jennifer', 'erat curabitur gravida nisi at nibh in hac habitasse platea dictumst aliquam augue quam sollicitudin vitae consectetuer eget', 6, 6);
insert into post (id, name, content, note, idcategory) values (476, 'Joseph', 'in est risus auctor sed tristique in tempus sit amet sem fusce consequat nulla nisl nunc nisl', 14, 7);
insert into post (id, name, content, note, idcategory) values (477, 'Ernest', 'diam vitae quam suspendisse potenti nullam porttitor lacus at turpis donec posuere', 4, 1);
insert into post (id, name, content, note, idcategory) values (478, 'Betty', 'quisque ut erat curabitur gravida nisi at nibh in hac habitasse platea dictumst aliquam augue', 16, 5);
insert into post (id, name, content, note, idcategory) values (479, 'Arthur', 'mauris laoreet ut rhoncus aliquet pulvinar sed nisl nunc rhoncus dui vel sem sed sagittis nam', 10, 8);
insert into post (id, name, content, note, idcategory) values (480, 'Emily', 'volutpat convallis morbi odio odio elementum eu interdum eu tincidunt in leo maecenas pulvinar lobortis est phasellus sit amet', 17, 8);
insert into post (id, name, content, note, idcategory) values (481, 'Paul', 'felis sed lacus morbi sem mauris laoreet ut rhoncus aliquet pulvinar sed', 1, 10);
insert into post (id, name, content, note, idcategory) values (482, 'Craig', 'aliquam lacus morbi quis tortor id nulla ultrices aliquet maecenas leo odio condimentum id luctus', 3, 4);
insert into post (id, name, content, note, idcategory) values (483, 'Linda', 'nisl aenean lectus pellentesque eget nunc donec quis orci eget orci vehicula condimentum curabitur in libero ut massa volutpat convallis', 7, 9);
insert into post (id, name, content, note, idcategory) values (484, 'Julia', 'duis mattis egestas metus aenean fermentum donec ut mauris eget massa tempor convallis nulla', 19, 5);
insert into post (id, name, content, note, idcategory) values (485, 'Michelle', 'augue luctus tincidunt nulla mollis molestie lorem quisque ut erat curabitur gravida nisi at nibh in hac habitasse', 2, 10);
insert into post (id, name, content, note, idcategory) values (486, 'Jacqueline', 'massa quis augue luctus tincidunt nulla mollis molestie lorem quisque ut erat curabitur gravida nisi', 19, 9);
insert into post (id, name, content, note, idcategory) values (487, 'Martin', 'ipsum dolor sit amet consectetuer adipiscing elit proin risus praesent lectus vestibulum quam sapien varius', 19, 10);
insert into post (id, name, content, note, idcategory) values (488, 'Janet', 'vitae nisl aenean lectus pellentesque eget nunc donec quis orci eget orci vehicula condimentum curabitur in libero', 10, 9);
insert into post (id, name, content, note, idcategory) values (489, 'Thomas', 'augue vel accumsan tellus nisi eu orci mauris lacinia sapien quis libero nullam sit', 9, 1);
insert into post (id, name, content, note, idcategory) values (490, 'Rose', 'pede morbi porttitor lorem id ligula suspendisse ornare consequat lectus in', 16, 10);
insert into post (id, name, content, note, idcategory) values (491, 'Theresa', 'magnis dis parturient montes nascetur ridiculus mus vivamus vestibulum sagittis sapien cum sociis natoque penatibus et magnis dis parturient', 5, 6);
insert into post (id, name, content, note, idcategory) values (492, 'Gloria', 'vestibulum rutrum rutrum neque aenean auctor gravida sem praesent id', 10, 9);
insert into post (id, name, content, note, idcategory) values (493, 'Keith', 'dictumst maecenas ut massa quis augue luctus tincidunt nulla mollis molestie lorem quisque', 7, 10);
insert into post (id, name, content, note, idcategory) values (494, 'William', 'at dolor quis odio consequat varius integer ac leo pellentesque ultrices mattis odio donec vitae nisi nam ultrices libero', 10, 5);
insert into post (id, name, content, note, idcategory) values (495, 'Bobby', 'nullam varius nulla facilisi cras non velit nec nisi vulputate nonummy maecenas tincidunt lacus at velit vivamus', 11, 1);
insert into post (id, name, content, note, idcategory) values (496, 'Teresa', 'faucibus cursus urna ut tellus nulla ut erat id mauris vulputate elementum nullam varius nulla', 20, 1);
insert into post (id, name, content, note, idcategory) values (497, 'Bonnie', 'convallis eget eleifend luctus ultricies eu nibh quisque id justo sit amet sapien dignissim vestibulum vestibulum ante ipsum primis', 20, 9);
insert into post (id, name, content, note, idcategory) values (498, 'Jennifer', 'vivamus vel nulla eget eros elementum pellentesque quisque porta volutpat erat quisque erat eros viverra eget congue eget semper', 13, 5);
insert into post (id, name, content, note, idcategory) values (499, 'Jose', 'nec dui luctus rutrum nulla tellus in sagittis dui vel nisl duis ac nibh fusce lacus purus', 8, 5);
insert into post (id, name, content, note, idcategory) values (500, 'Jeffrey', 'felis sed lacus morbi sem mauris laoreet ut rhoncus aliquet pulvinar sed nisl nunc', 12, 1);


INSERT INTO comment ( id,name,content, idpost) VALUES 
(1,'toto', 'super comment pour 1!', 1);
INSERT INTO comment ( id,name,content, idpost) VALUES 
(2,'titi', 'comment pour 1!', 1);
INSERT INTO comment ( id,name,content, idpost) VALUES 
(3,'tutu', 'Oo', 1);
INSERT INTO comment ( id,name,content, idpost) VALUES 
(4,'toto', 'comment pour 2', 2);
INSERT INTO comment ( id,name,content, idpost) VALUES 
(5,'tutu', 'super 2', 2);